{"cameraMode":{"drawMode":0,"name":"Shaded","section":"Shading Mode"},"sceneLighting":true,"audioPlay":false,"sceneViewState":{"m_AlwaysRefresh":false,"showFog":true,"showSkybox":true,"showFlares":true,"showImageEffects":true,"showParticleSystems":true,"showVisualEffectGraphs":true,"m_FxEnabled":true},"in2DMode":false,"pivot":{"x":0.7932125329971314,"y":3.0006794929504396,"z":14.438213348388672},"rotation":{"x":-0.28321337699890139,"y":0.623457133769989,"z":-0.25914010405540469,"w":-0.6814277768135071},"size":9.753998756408692,"orthographic":true}