{"cameraMode":{"drawMode":0,"name":"Shaded","section":"Shading Mode"},"sceneLighting":true,"audioPlay":false,"sceneViewState":{"m_AlwaysRefresh":false,"showFog":true,"showSkybox":true,"showFlares":true,"showImageEffects":true,"showParticleSystems":true,"showVisualEffectGraphs":true,"m_FxEnabled":true},"in2DMode":false,"pivot":{"x":-0.3108232617378235,"y":2.545222520828247,"z":0.3313326835632324},"rotation":{"x":-0.28195443749427798,"y":0.05183800309896469,"z":-0.01499483734369278,"w":-0.9580368995666504},"size":10.625589370727539,"orthographic":true}